kandasamy 71812105046 kanda.jpg
manivasagam 71812105057 mani.jpg
joe 71812105043 joe.jpeg
mohan 71812105058 mohan.jpg
kalisheeran 71812105044 kalish.jpeg
akash 71812105011 akash.png
bhuvanesh 71812105020 bhuvanesh.png
bharath 71812105018  bharath.png